Email,Phone,Address,URLs,Institute,About,
l1f20bscs0001@ucp.edu.pk,0423-1234567,123 Main Street,www.example.com,Stanford University,This is John Doe. I am a software engineer. I like to play basketball and watch movies.,
jane.doe@example.com,555-666-7777,456 Elm Street,www.example.org,MIT,This is Jane Doe. I am a doctor. I like to read books and travel.,
bill.smith@example.com,888-999-0000,789 Oak Street,www.example.net,Harvard University,This is Bill Smith. I am a lawyer. I like to play golf and spend time with my family.,
l1f20bscs0001@ucp.edu.pk,111-222-3333,101 Pine Street,www.example.edu,Yale University,This is Mary Jones. I am a teacher. I like to cook and go for walks.,
emily.brown@example.com,999-888-7777,234 Maple Street,www.example.info,Caltech,This is Emily Brown. I am a scientist. I like to do experiments and learn new things.,
david.green@example.com,777-999-8888,345 Oak Avenue,www.example.org,Princeton University,This is David Green. I am an engineer. I like to build things and solve problems.,
sarah.white@example.com,666-777-9999,456 Elm Street,www.example.net,Columbia University,This is Sarah White. I am a writer. I like to tell stories and explore new ideas.,
michael.black@example.com,555-666-8888,567 Main Street,www.example.edu,Cornell University,This is Michael Black. I am a musician. I like to play the guitar and sing.,
lily.red@example.com,444-555-6666,678 Pine Street,www.example.info,Dartmouth College,This is Lily Red. I am a dancer. I like to move my body and express myself.,
rose.pink@example.com,333-444-5555,789 Oak Avenue,www.example.org,Brown University,This is Rose Pink. I am a painter. I like to create art and share my vision with the world.,
carol.blue@example.com,222-333-4444,890 Maple Street,www.example.net,University of Chicago,This is Carol Blue. I am a poet. I like to write words that capture my thoughts and feelings.,
tom.green@example.com,111-222-3333,901 Elm Street,www.example.edu,University of Pennsylvania,This is Tom Green. I am a historian. I like to learn about the past and share my knowledge with others.,
alex.yellow@example.com,999-888-7777,101 Main Street,www.example.info,University of Michigan,This is Alex Yellow. I am a scientist. I like to conduct research and make new discoveries.,
ben.purple@example.com,777-999-8888,202 Maple Street,www.example.org,University of California, Berkeley,This is Ben Purple. I am an engineer. I like to design and build things.
cindy.orange@example.com,666-777-9999,303 Oak Avenue,www.example.net,University of California, Los Angeles,This is Cindy Orange. I am a writer. I like to tell stories and share my experiences with others.
dave.brown@example.com,555-666-8888,404 Elm Street,www.example.edu,University of California, San Diego,This is Dave Brown. I am a musician. I like to play the piano and sing.
evan.green@example.com,444-555-6666,505 Pine Street,www.example.info,University of Texas, Austin,This is Evan Green. I am a dancer. I like to move my body and express myself.
frank.blue@example.com,333-444-5555,606 Oak Avenue,www.example.org,Texas A&M University,This is Frank Blue. I am a painter. I like to create art and share my vision with the world.,
grace.pink@example.com,222-333-4444,707 Maple Street,www.example.net,University of Houston,This is Grace Pink. I am a poet. I like to write words that capture my thoughts and feelings.,
harry.red@example.com,111-222-3333,808 Elm Street,www.example.edu,Rice University,This is Harry Red. I am a historian. I like to learn about the past and share my knowledge with others.,
jake.yellow@example.com,999-888-7777,909 Main Street,www.example.info,University of Illinois at Urbana-Champaign,This is Jake Yellow. I am a scientist. I like to conduct research and make new discoveries.,
blake.purple@example.com,777-999-8888,1010 Maple Street,www.example.org,Indiana University, Bloomington,This is Blake Purple. I am an engineer. I like to design and build things.
chloe.orange@example.com,666-777-9999,2020 Oak Avenue,www.example.net,Purdue University,This is Chloe Orange. I am a writer. I like to tell stories and share my experiences with others.,
daisy.brown@example.com,555-666-8888,3030 Elm Street,www.example.edu,Ohio State University,This is Daisy Brown. I am a musician. I like to play the guitar and sing.,
ethan.green@example.com,444-555-6666,4040 Pine Street,www.example.info,University of Wisconsin-Madison,This is Ethan Green. I am a dancer. I like to move my body and express myself.,
fiona.blue@example.com,333-444-5555,5050 Oak Avenue,www.example.org,University of Minnesota, Twin Cities,This is Fiona Blue. I am a painter. I like to create art and share my vision with the world.
grace.pink@example.com,222-333-4444,6060 Maple Street,www.example.net,University of Michigan, Ann Arbor,This is Grace Pink. I am a poet. I like to write words that capture my thoughts and feelings.
harry.red@example.com,111-222-3333,7070 Elm Street,www.example.edu,Northwestern University,This is Harry Red. I am a historian. I like to learn about the past and share my knowledge with others.,
isabel.yellow@example.com,999-888-7777,8080 Main Street,www.example.info,University of California, Los Angeles,This is Isabel Yellow. I am a scientist. I like to conduct research and make new discoveries.
jason.purple@example.com,777-999-8888,9090 Maple Street,www.example.org,University of California, Berkeley,This is Jason Purple. I am an engineer. I like to design and build things.
katie.orange@example.com,666-777-9999,10100 Oak Avenue,www.example.net,Stanford University,This is Katie Orange. I am a writer. I like to tell stories and share my experiences with others.,
luke.brown@example.com,555-666-8888,20200 Elm Street,www.example.edu,Harvard University,This is Luke Brown. I am a musician. I like to play the guitar and sing.,
megan.green@example.com,444-555-6666,30300 Pine Street,www.example.info,Massachusetts Institute of Technology,This is Megan Green. I am a dancer. I like to move my body and express myself.,
noah.blue@example.com,333-444-5555,40400 Oak Avenue,www.example.org,California Institute of Technology,This is Noah Blue. I am a painter. I like to create art and share my vision with the world.,
olivia.pink@example.com,222-333-4444,50500 Maple Street,www.example.net,Princeton University,This is Olivia Pink. I am a poet. I like to write words that capture my thoughts and feelings.,
owen.red@example.com,111-222-3333,60600 Elm Street,www.example.edu,Columbia University,This is Owen Red. I am a historian. I like to learn about the past and share my knowledge with others.,
piper.yellow@example.com,999-888-7777,70700 Main Street,www.example.info,Yale University,This is Piper Yellow. I am a scientist. I like to conduct research and make new discoveries.,
quinn.purple@example.com,777-999-8888,80800 Maple Street,www.example.org,University of Chicago,This is Quinn Purple. I am an engineer. I like to design and build things.,
rachel.orange@example.com,666-777-9999,90900 Oak Avenue,www.example.net,University of Pennsylvania,This is Rachel Orange. I am a writer. I like to tell stories and share my experiences with others.,
ryan.brown@example.com,555-666-8888,101000 Elm Street,www.example.edu,Duke University,This is Ryan Brown. I am a musician. I like to play the guitar and sing.,
samantha.green@example.com,444-555-6666,111100 Pine Street,www.example.info,Johns Hopkins University,This is Samantha Green. I am a dancer. I like to move my body and express myself.,
tyler.blue@example.com,333-444-5555,222200 Oak Avenue,www.example.org,University of Maryland, College Park,This is Tyler Blue. I am a painter. I like to create art and share my vision with the world.
violet.pink@example.com,222-333-4444,333300 Maple Street,www.example.net,Cornell University,This is Violet Pink. I am a poet. I like to write words that capture my thoughts and feelings.,
william.red@example.com,111-222-3333,444400 Elm Street,www.example.edu,Dartmouth College,This is William Red. I am a historian. I like to learn about the past and share my knowledge with others.,
zachary.yellow@example.com,999-888-7777,555500 Main Street,www.example.info,Brown University,This is Zachary Yellow. I am a scientist. I like to conduct research and make new discoveries.,
zoe.purple@example.com,777-999-8888,666600 Maple Street,www.example.org,University of Chicago,This is Zoe Purple. I am an engineer. I like to design and build things.,
anna.orange@example.com,666-777-9999,777700 Oak Avenue,www.example.net,University of Pennsylvania,This is Anna Orange. I am a writer. I like to tell stories and share my experiences with others.,
ben.brown@example.com,555-666-8888,888800 Elm Street,www.example.edu,Duke University,This is Ben Brown. I am a musician. I like to play the guitar and sing.,
carla.green@example.com,444-555-6666,999900 Pine Street,www.example.info,Emory University,This is Carla Green. I am a dancer. I like to move my body and express myself.,
daniel.blue@example.com,333-444-5555,111100 Oak Avenue,www.example.org,Vanderbilt University,This is Daniel Blue. I am a painter. I like to create art and share my vision with the world.,
emma.pink@example.com,222-333-4444,222200 Maple Street,www.example.net,Washington University in St. Louis,This is Emma Pink. I am a poet. I like to write words that capture my thoughts and feelings.,
frank.red@example.com,111-222-3333,333300 Elm Street,www.example.edu,Case Western Reserve University,This is Frank Red. I am a historian. I like to learn about the past and share my knowledge with others.,
gabriela.yellow@example.com,999-888-7777,444400 Main Street,www.example.info,University of Rochester,This is Gabriela Yellow. I am a scientist. I like to conduct research and make new discoveries.,
hayden.purple@example.com,777-999-8888,555500 Maple Street,www.example.org,Lehigh University,This is Hayden Purple. I am an engineer. I like to design and build things.,
isaac.orange@example.com,666-777-9999,666600 Oak Avenue,www.example.net,Carnegie Mellon University,This is Isaac Orange. I am a writer. I like to tell stories and share my experiences with others.,
jason.brown@example.com,555-666-8888,777700 Elm Street,www.example.edu,University of Pittsburgh,This is Jason Brown. I am a musician. I like to play the guitar and sing.,
kelly.green@example.com,444-555-6666,888800 Pine Street,www.example.info,Boston College,This is Kelly Green. I am a dancer. I like to move my body and express myself.,
logan.blue@example.com,333-444-5555,999900 Oak Avenue,www.example.org,Boston University,This is Logan Blue. I am a painter. I like to create art and share my vision with the world.,
matthew.pink@example.com,222-333-4444,111100 Maple Street,www.example.net,Tufts University,This is Matthew Pink. I am a poet. I like to write words that capture my thoughts and feelings.,
nathan.red@example.com,111-222-3333,222200 Elm Street,www.example.edu,Boston College,This is Nathan Red. I am a historian. I like to learn about the past and share my knowledge with others.,
olivia.yellow@example.com,999-888-7777,333300 Main Street,www.example.info,Boston University,This is Olivia Yellow. I am a scientist. I like to conduct research and make new discoveries.,
patrick.purple@example.com,777-999-8888,444400 Maple Street,www.example.org,Tufts University,This is Patrick Purple. I am an engineer. I like to design and build things.,
rachel.orange@example.com,666-777-9999,555500 Oak Avenue,www.example.net,Boston College,This is Rachel Orange. I am a writer. I like to tell stories and share my experiences with others.,
ryan.brown@example.com,555-666-8888,666600 Elm Street,www.example.edu,Boston University,This is Ryan Brown. I am a musician. I like to play the guitar and sing.,
samantha.green@example.com,444-555-6666,777700 Pine Street,www.example.info,Northeastern University,This is Samantha Green. I am a dancer. I like to move my body and express myself.,
tyler.blue@example.com,333-444-5555,888800 Oak Avenue,www.example.org,Bentley University,This is Tyler Blue. I am a painter. I like to create art and share my vision with the world.,
violet.pink@example.com,222-333-4444,999900 Maple Street,www.example.net,Simmons University,This is Violet Pink. I am a poet. I like to write words that capture my thoughts and feelings.,
william.red@example.com,111-222-3333,111100 Elm Street,www.example.edu,Boston Conservatory at Berklee,This is William Red. I am a historian. I like to learn about the past and share my knowledge with others.,
zachary.yellow@example.com,999-888-7777,222200 Main Street,www.example.info,Emmanuel College,This is Zachary Yellow. I am a scientist. I like to conduct research and make new discoveries.,
zoe.purple@example.com,777-999-8888,333300 Maple Street,www.example.org,Boston Architectural College,This is Zoe Purple. I am an engineer. I like to design and build things.,
anna.orange@example.com,666-777-9999,444400 Oak Avenue,www.example.net,Berklee College of Music,This is Anna Orange. I am a writer. I like to tell stories and share my experiences with others.,
ben.brown@example.com,555-666-8888,555500 Elm Street,www.example.edu,Boston University School of Law,This is Ben Brown. I am a musician. I like to play the guitar and sing.,
carla.green@example.com,444-555-6666,666600 Pine Street,www.example.info,Framingham State University,This is Carla Green. I am a dancer. I like to move my body and express myself.,
daniel.blue@example.com,333-444-5555,777700 Oak Avenue,www.example.org,Worcester Polytechnic Institute,This is Daniel Blue. I am a painter. I like to create art and share my vision with the world.,
emma.pink@example.com,222-333-4444,888800 Maple Street,www.example.net,Clark University,This is Emma Pink. I am a poet. I like to write words that capture my thoughts and feelings.,
frank.red@example.com,111-222-3333,999900 Elm Street,www.example.edu,Assumption University,This is Frank Red. I am a historian. I like to learn about the past and share my knowledge with others.,
gabriela.yellow@example.com,999-888-7777,111100 Main Street,www.example.info,University of Massachusetts Amherst,This is Gabriela Yellow. I am a scientist. I like to conduct research and make new discoveries.,
hayden.purple@example.com,777-999-8888,222200 Maple Street,www.example.org,Hampshire College,This is Hayden Purple. I am an engineer. I like to design and build things.,
isaac.orange@example.com,666-777-9999,333300 Oak Avenue,www.example.net,Mount Holyoke College,This is Isaac Orange. I am a writer. I like to tell stories and share my experiences with others.,
jason.brown@example.com,555-666-8888,444400 Elm Street,www.example.edu,Smith College,This is Jason Brown. I am a musician. I like to play the guitar and sing.,
