Email,Phone,Address,URLs,Institute,About
l1f20bscs0001@ucp.edu.pk,0423-1234567,123 Main Street,www.example.com,Stanford University,This is John Doe. I am a software engineer. I like to play basketball and watch movies.
jane.doe@example.com,555-666-7777,456 Elm Street,www.example.org,MIT,This is Jane Doe. <p>I am a doctor.</p> I like to read books and travel.
emma.roberts@example.com,0421-9876543,321 Oak Street,www.example.com,University of California,<p>Hi I'm <strong>Emma Roberts</strong>. I'm pursuing a degree in <em>journalism</em> and enjoy writing stories in my free time.</p>
liam.carter@example.com,0331-3456789,654 Maple Avenue,www.example.org,University of Texas at Austin,<p>Hey there! I'm <strong>Liam Carter</strong>. I'm majoring in <em>business administration</em> and have a passion for <u>entrepreneurship</u>.</p>
ava.collins@example.com,0322-8765432,987 Cedar Road,www.example.net,Columbia University,<p>Hello I'm <strong>Ava Collins</strong>. I'm studying <em>film production</em> and love creating movies with meaningful stories.</p>
noah.morris@example.com,0402-2345678,234 Pine Avenue,www.example.edu,University of Michigan,<p>Hi  I'm <strong>Noah Morris</strong>. I'm pursuing a degree in <em>mechanical engineering</em> and enjoy designing innovative machines.</p>
sophia.wood@example.com,0413-7654321,567 Birch Street,www.example.co.uk,University College London,<p>Hello! I'm <strong>Sophia Wood</strong>. I'm studying <em>architecture</em> and have a keen eye for sustainable and eco-friendly design.</p>
logan.hill@example.com,0434-9876543,876 Elm Road,www.example.au,University of Melbourne,<p>G'day! I'm <strong>Logan Hill</strong>. I'm majoring in <em>environmental science</em> and love exploring nature trails in my spare time.</p>
mia.parker@example.com,0425-3456789,321 Oak Lane,www.example.in,Indian Institute of Technology Delhi,<p>Namaste! I'm <strong>Mia Parker</strong>. I'm pursuing a degree in <em>computer science</em> and enjoy coding projects.</p>
david.harris@example.com,0336-8765432,654 Cedar Street,www.example.de,University of Munich,<p>Guten Tag! I'm <strong>David Harris</strong>. I'm studying <em>physics</em> and have a passion for understanding the laws of the universe.</p>
olivia.stewart@example.com,0407-2345678,987 Pine Lane,www.example.fr,University of Paris,<p>Bonjour! I'm <strong>Olivia Stewart</strong>. I'm majoring in <em>literature</em> and love exploring the works of classic authors.</p>
ethan.powell@example.com,0418-7654321,234 Birch Avenue,www.example.it,University of Rome La Sapienza,<p>Ciao! I'm <strong>Ethan Powell</strong>. I'm studying <em>history</em> and enjoy uncovering the stories of ancient civilizations.</p>
bill.smith@example.com,888-999-0000,789 Oak Street,www.example.net,Harvard University,<p>This is Bill Smith. I am a lawyer.</p> I like to play golf and spend time with my family.
l1f20bscs0001@ucp.edu.pk,111-222-3333,101 Pine Street,www.example.edu,Yale University,This is Mary Jones. <p>I am a teacher.</p> I like to cook and go for walks.
emily.brown@example.com,999-888-7777,234 Maple Street,www.example.info,Caltech,This is Emily Brown. I am a scientist. I like to do experiments and learn new things.
david.green@example.com,777-999-8888,345 Oak Avenue,www.example.org,Princeton University,This is David Green. <p>I am an engineer. </p>I like to build things and solve problems.
sarah.white@example.com,666-777-9999,456 Elm Street,www.example.net,Columbia University,This is Sarah White. I am a writer. I like to tell stories and explore new ideas.
michael.black@example.com,555-666-8888,567 Main Street,www.example.edu,Cornell University,<p>This is Michael Black. I am a musician. I like to play the guitar and sing.</p>
lily.red@example.com,444-555-6666,678 Pine Street,www.example.info,Dartmouth College,This is Lily Red. <p>I am a dancer. I like to move my body and express myself.</p>
rose.pink@example.com,333-444-5555,789 Oak Avenue,www.example.org,Brown University,This is Rose Pink. I am a painter. I like to create art and share my vision with the world.
carol.blue@example.com,222-333-4444,890 Maple Street,www.example.net,University of Chicago,This is Carol Blue. I am a poet. I like to write words that capture my thoughts and feelings.
tom.green@example.com,111-222-3333,901 Elm Street,www.example.edu,University of Pennsylvania,This is Tom Green. I am a historian. I like to learn about the past and share my knowledge with others.
alex.yellow@example.com,999-888-7777,101 Main Street,www.example.info,University of Michigan,This is Alex Yellow. I am a scientist. I like to conduct research and make new discoveries.
ben.purple@example.com,777-999-8888,202 Maple Street,www.example.org,University of California, Berkeley This is Fiona Blue. I am a painter. I like to create art and share my vision with the world.
cindy.orange@example.com,666-777-9999,303 Oak Avenue,www.example.net,University of California, Los Angeles This is Ben Purple. I am an engineer. <p>I like to design and build things.</p>
dave.brown@example.com,555-666-8888,404 Elm Street,www.example.edu,University of California, San Diego This is Cindy Orange. I am a writer. I like to tell stories and share my experiences with others.
evan.green@example.com,444-555-6666,505 Pine Street,www.example.info,University of Texas, Austin This is Evan Green. I am a dancer. I like to move my body and express myself.
frank.blue@example.com,333-444-5555,606 Oak Avenue,www.example.org,Texas A&M University,This is Frank Blue. I am a painter. I like to create art and share my vision with the world.
grace.pink@example.com,222-333-4444,707 Maple Street,www.example.net,University of Houston,This is Grace Pink. I am a poet. <p>I like to write words that capture my thoughts and feelings.</p>
harry.red@example.com,111-222-3333,808 Elm Street,www.example.edu,Rice University,This is Harry Red. I am a historian. I like to learn about the past and share my knowledge with others.
jake.yellow@example.com,999-888-7777,909 Main Street,www.example.info,University of Illinois at Urbana-Champaign,This is Jake Yellow. I am a scientist. I like to conduct research and make new discoveries.
blake.purple@example.com,777-999-8888,1010 Maple Street,www.example.org,Indiana University, Bloomington This is Dave Brown. <p>I am a musician.</p> I like to play the piano and sing.
chloe.orange@example.com,666-777-9999,2020 Oak Avenue,www.example.net,Purdue University,This is Chloe Orange. I am a writer. I like to tell stories and share my experiences with others.
daisy.brown@example.com,555-666-8888,3030 Elm Street,www.example.edu,Ohio State University,This is Daisy Brown. I am a musician. I like to play the guitar and sing.
ethan.green@example.com,444-555-6666,4040 Pine Street,www.example.info,University of Wisconsin-Madison,This is Ethan Green. I am a dancer. I like to move my body and express myself.
fiona.blue@example.com,333-444-5555,5050 Oak Avenue,www.example.org,University of Minnesota, Twin Cities This is Blake Purple. I am an engineer.<p> I like to design and build things. </p>
grace.pink@example.com,222-333-4444,6060 Maple Street,www.example.net,University of Michigan, Ann Arbor This is Isabel Yellow. I am a scientist. I like to conduct research and make new discoveries.
harry.red@example.com,111-222-3333,7070 Elm Street,www.example.edu,Northwestern University,This is Harry Red. I am a historian. I like to learn about the past and share my knowledge with others.
isabel.yellow@example.com,999-888-7777,8080 Main Street,www.example.info,University of California, Los Angeles This is Grace Pink. I am a poet. I like to write words that capture my thoughts and feelings.
jason.purple@example.com,777-999-8888,9090 Maple Street,www.example.org,University of California, Berkeley This is Jason Purple. I am an engineer. I like to design and build things.
katie.orange@example.com,666-777-9999,10100 Oak Avenue,www.example.net,Stanford University,This is Katie Orange. I am a writer. I like to tell stories and share my experiences with others.
luke.brown@example.com,555-666-8888,20200 Elm Street,www.example.edu,Harvard University,This is Luke Brown. I am a musician. I like to play the guitar and sing.
megan.green@example.com,444-555-6666,30300 Pine Street,www.example.info,Massachusetts Institute of Technology,This is Megan Green. I am a dancer. I like to move my body and express myself.
noah.blue@example.com,333-444-5555,40400 Oak Avenue,www.example.org,California Institute of Technology,This is Noah Blue. I am a painter. I like to create art and share my vision with the world.
olivia.pink@example.com,222-333-4444,50500 Maple Street,www.example.net,Princeton University,This is Olivia Pink. I am a poet. I like to write words that capture my thoughts and feelings.
owen.red@example.com,111-222-3333,60600 Elm Street,www.example.edu,Columbia University,This is Owen Red. I am a historian. I like to learn about the past and share my knowledge with others
piper.yellow@example.com,999-888-7777,70700 Main Street,www.example.info,Yale University,This is Piper Yellow. I am a scientist. I like to conduct research and make new discoveries.
quinn.purple@example.com,777-999-8888,80800 Maple Street,www.example.org,University of Chicago,This is Quinn Purple. I am an engineer. I like to design and build things.
rachel.orange@example.com,666-777-9999,90900 Oak Avenue,www.example.net,University of Pennsylvania,This is Rachel Orange. I am a writer. I like to tell stories and share my experiences with others.
ryan.brown@example.com,555-666-8888,101000 Elm Street,www.example.edu,Duke University,This is Ryan Brown. I am a musician. I like to play the guitar and sing.
samantha.green@example.com,444-555-6666,111100 Pine Street,www.example.info,Johns Hopkins University,This is Samantha Green. I am a dancer. I like to move my body and express myself.
tyler.blue@example.com,333-444-5555,222200 Oak Avenue,www.example.org,University of Maryland, College Park This is Tyler Blue. I am a painter. I like to create art and share my vision with the world.
violet.pink@example.com,222-333-4444,333300 Maple Street,www.example.net,Cornell University,This is Violet Pink. I am a poet. I like to write words that capture my thoughts and feelings.
william.red@example.com,111-222-3333,444400 Elm Street,www.example.edu,Dartmouth College,This is William Red. I am a historian. I like to learn about the past and share my knowledge with others.
zachary.yellow@example.com,999-888-7777,555500 Main Street,www.example.info,Brown University,This is Zachary Yellow. I am a scientist. I like to conduct research and make new discoveries.
zoe.purple@example.com,777-999-8888,666600 Maple Street,www.example.org,University of Chicago,This is Zoe Purple. I am an engineer. I like to design and build things.
anna.orange@example.com,666-777-9999,777700 Oak Avenue,www.example.net,University of Pennsylvania,This is Anna Orange. I am a writer. I like to tell stories and share my experiences with other
ben.brown@example.com,555-666-8888,888800 Elm Street,www.example.edu,Duke University,This is Ben Brown. I am a musician. I like to play the guitar and sing.
carla.green@example.com,444-555-6666,999900 Pine Street,www.example.info,Emory University,This is Carla Green. I am a dancer. I like to move my body and express myself.
daniel.blue@example.com,333-444-5555,111100 Oak Avenue,www.example.org,Vanderbilt University,This is Daniel Blue. I am a painter. I like to create art and share my vision with the world.
emma.pink@example.com,222-333-4444,222200 Maple Street,www.example.net,Washington University in St. Louis,This is Emma Pink. I am a poet. I like to write words that capture my thoughts and feelings.
frank.red@example.com,111-222-3333,333300 Elm Street,www.example.edu,Case Western Reserve University,This is Frank Red. I am a historian. I like to learn about the past and share my knowledge with others.
gabriela.yellow@example.com,999-888-7777,444400 Main Street,www.example.info,University of Rochester,This is Gabriela Yellow. I am a scientist. I like to conduct research and make new discoveries.
hayden.purple@example.com,777-999-8888,555500 Maple Street,www.example.org,Lehigh University,This is Hayden Purple. <p>I am an engineer. I like to design and build things.</p>
isaac.orange@example.com,666-777-9999,666600 Oak Avenue,www.example.net,Carnegie Mellon University,This is Isaac Orange. I am a writer. I like to tell stories and share my experiences with others.
jason.brown@example.com,555-666-8888,777700 Elm Street,www.example.edu,University of Pittsburgh,This is Jason Brown. I am a musician. I like to play the guitar and sing.
kelly.green@example.com,444-555-6666,888800 Pine Street,www.example.info,Boston College,This is Kelly Green. I am a dancer. <h1>I like to move my body and express myself.</h1>
logan.blue@example.com,333-444-5555,999900 Oak Avenue,www.example.org,Boston University,This is Logan Blue. I am a painter. I like to create art and share my vision with the world.
matthew.pink@example.com,222-333-4444,111100 Maple Street,www.example.net,Tufts University,This is Matthew Pink. I am a poet. I like to write words that capture my thoughts and feelings.
nathan.red@example.com,111-222-3333,222200 Elm Street,www.example.edu,Boston College,This is Nathan Red. I am a historian. I like to learn about the past and share my knowledge with others.
olivia.yellow@example.com,999-888-7777,333300 Main Street,www.example.info,Boston University,This is Olivia Yellow. I am a scientist. I like to conduct research and make new discoveries.
patrick.purple@example.com,777-999-8888,444400 Maple Street,www.example.org,Tufts University,This is Patrick Purple. I am an engineer. I like to design and build things.
rachel.orange@example.com,666-777-9999,555500 Oak Avenue,www.example.net,Boston College,This is Rachel Orange. I am a writer. I like to tell stories and share my experiences with others.
ryan.brown@example.com,555-666-8888,666600 Elm Street,www.example.edu,Boston University,This is Ryan Brown. I am a musician. I like to play the guitar and sing.
samantha.green@example.com,444-555-6666,777700 Pine Street,www.example.info,Northeastern University,This is Samantha Green. I am a dancer. I like to move my body and express myself.
tyler.blue@example.com,333-444-5555,888800 Oak Avenue,www.example.org,Bentley University,This is Tyler Blue. I am a painter. I like to create art and share my vision with the world.
violet.pink@example.com,222-333-4444,999900 Maple Street,www.example.net,Simmons University,This is Violet Pink. I am a poet. I like to write words that capture my thoughts and feelings.
william.red@example.com,111-222-3333,111100 Elm Street,www.example.edu,Boston Conservatory at Berklee,This is William Red. I am a historian. I like to learn about the past and share my knowledge with others.
zachary.yellow@example.com,999-888-7777,222200 Main Street,www.example.info,Emmanuel College,This is Zachary Yellow. I am a scientist. I like to conduct research and make new discoveries
zoe.purple@example.com,777-999-8888,333300 Maple Street,www.example.org,Boston Architectural College,This is Zoe Purple. I am an engineer. I like to design and build things.
anna.orange@example.com,666-777-9999,444400 Oak Avenue,www.example.net,Berklee College of Music,This is Anna Orange. I am a writer. I like to tell stories and share my experiences with others.
ben.brown@example.com,555-666-8888,555500 Elm Street,www.example.edu,Boston University School of Law,This is Ben Brown. I am a musician. I like to play the guitar and sing.
carla.green@example.com,444-555-6666,666600 Pine Street,www.example.info,Framingham State University,This is Carla Green. I am a dancer. I like to move my body and express myself.
daniel.blue@example.com,333-444-5555,777700 Oak Avenue,www.example.org,Worcester Polytechnic Institute,This is Daniel Blue. I am a painter. I like to create art and share my vision with the world.
emma.pink@example.com,222-333-4444,888800 Maple Street,www.example.net,Clark University,This is Emma Pink. I am a poet. I like to write words that capture my thoughts and feelings.
frank.red@example.com,111-222-3333,999900 Elm Street,www.example.edu,Assumption University,This is Frank Red. I am a historian. I like to learn about the past and share my knowledge with others.
gabriela.yellow@example.com,999-888-7777,111100 Main Street,www.example.info,University of Massachusetts Amherst,This is Gabriela Yellow. I am a scientist. I like to conduct research and make new discoveries.
hayden.purple@example.com,777-999-8888,222200 Maple Street,www.example.org,Hampshire College,This is Hayden Purple. I am an engineer. I like to design and build things.
isaac.orange@example.com,666-777-9999,333300 Oak Avenue,www.example.net,Mount Holyoke College,This is Isaac Orange. I am a writer. I like to tell stories and share my experiences with others.
jason.brown@example.com,555-666-8888,444400 Elm Street,www.example.edu,Smith College,This is Jason Brown. I am a musician. I like to play the guitar and sing.
l1f20bscs0331@ucp.edu.pk,0463-1234567,123 Main Street,www.example.com,Stanford University,This is John Doe. <p>I am a software engineer</p>. I like to play basketball and watch movies.
john.smith@example.com,0312-9876543,456 Elm Street,www.example.org,Harvard University,Hello  I'm John Smith. I work as a data scientist and enjoy hiking in my free time.
jane.doe@example.com,0345-5678901,789 Oak Avenue,www.example.net,MIT,Hi there! I'm Jane Doe. I'm a student pursuing a degree in computer science. I love coding and reading books.
alex.wilson@example.com,0300-1239876,987 Maple Road,www.example.edu,University of California,Hello  my name is Alex Wilson. I am a professor of mathematics and enjoy playing the piano.
emma.brown@example.com,0321-3456789,321 Cedar Lane,www.example.co.uk,Oxford University,Greetings! I'm Emma Brown. I'm a researcher working on climate change. I'm passionate about creating a sustainable future.
sam.jones@example.com,0333-7654321,654 Pine Street,www.example.au,Sydney University,Hi  I'm Sam Jones. I'm a software developer and love traveling to explore new cultures and cuisines.
lucy.miller@example.com,0400-8765432,876 Willow Avenue,www.example.in,University of Toronto,Hello  my name is Lucy Miller. I'm a medical student and interested in neurology.
david.baker@example.com,0411-2345678,234 Birch Road,www.example.de,Technical University Berlin,Nice to meet you! I'm David Baker. I'm a mechanical engineer with a passion for robotics.
sophia.thompson@example.com,0432-7654321,567 Elm Street,www.example.fr,Paris-Saclay University,Bonjour! Je m'appelle Sophia Thompson. J'étudie la littérature et j'adore écrire des poèmes.
daniel.wilson@example.com,0421-9876543,321 Oak Street,www.example.com,University of Washington,Hi  I'm Daniel Wilson. I'm a computer science major and love coding in Python.
olivia.johnson@example.com,0331-3456789,654 Maple Avenue,www.example.org,University of California, Berkeley Hello there! I'm Olivia Johnson. I'm pursuing a degree in environmental science and enjoy hiking in my free time.
ethan.davis@example.com,0322-8765432,987 Cedar Road,www.example.net,Massachusetts Institute of Technology,Hey  I'm Ethan Davis. I'm studying electrical engineering and have a passion for robotics.
ava.anderson@example.com,0402-2345678,234 Pine Avenue,www.example.edu,Stanford University,Hi <p>  I'm Ava Anderson. I'm majoring in psychology and love exploring the human mind. </p>
noah.thomas@example.com,0413-7654321,567 Birch Street,www.example.co.uk,University of Oxford,Hello! I'm Noah Thomas. I'm studying economics and enjoy playing the guitar in my spare time.
sophia.martin@example.com,0434-9876543,876 Elm Road,www.example.au,University of Sydney,G'day! I'm Sophia Martin. I'm pursuing a degree in biology and have a keen interest in marine life.
liam.jackson@example.com,0425-3456789,321 Oak Lane,www.example.in,Indian Institute of Technology Bombay,Hi there! I'm Liam Jackson. I'm studying computer engineering and enjoy playing football.
ava.moore@example.com,0336-8765432,654 Cedar Street,www.example.de,Technical University of Munich,Hello  I'm Ava Moore. I'm studying architecture and have a keen interest in sustainable building practices.
logan.thompson@example.com,0407-2345678,987 Pine Lane,www.example.fr,Paris-Saclay University,Bonjour! Je m'appelle Logan Thompson. J'étudie les sciences politiques et j'adore lire des romans.
mia.walker@example.com,0418-7654321,234 Birch Avenue,www.example.it,University of Milan,Ciao! I'm Mia Walker.<p> I'm studying economics and love traveling around Italy.</p>
